Hashtags:,,
#covidiots ,,
#CovidHoax,,
#covidscam,,
#stopsocialdistancing,,
#endthelockdown,,
#endlockdown ,,
#antilockdown,,
#endthelockdownuk,,
#Covid1984,,
#uniteforfreedom,,
#NoNewNormal,,
#ReclaimOurRightsUK,,
#WeWillBeFree,,
#kbf ,,
#keepbritainfree,,
#scamdemic,,
#Casedemic,,
#PlandemicHoax,,
#PlandemicHoax,,
#Propagandemic,,
#Panicdemic,,
#GreatReset,,
#takethemaskoff,,
#takeoffthemask,,
#showyoursmile,,
#facenappies,,
#muzzles,,
#nomasks,,
#DrFraudci,,
#SayNoToBillGates,, 
#arrestbillgates,, 
,,
